User Id,First Name,Last Name,Sex,Email,Phone,Date of birth,Job Title
BF2a889C00f0cE1,Whitney,Hooper,Male,zjohnston@example.com,9391306258,2012-11-17,Counselling psychologist
86cCc6417942b4B,Sara,Huff,Male,kristy41@example.net,418593844,1964-05-21,Metallurgist
a902eE5EABd77DE,Ethan,Wu,Male,jay82@example.net,9720643833,2018-07-17,Microbiologist
FECAedB175FD9f4,Todd,Weber,Male,hessrachel@example.com,5262084712,2019-11-30,Ergonomist
CB41aabFbB8AdDa,Bryan,Vaughn,Male,fhughes@example.org,5642635347,1964-04-18,Sports therapist
B2F0bdF85bfc7cA,Lance,Bradshaw,Male,pennymeyer@example.org,12313205609,1974-07-13,Data scientist
E923A19a2De032b,Mary,Daniels,Male,glencherry@example.org,19372558809,1993-07-31,Occupational hygienist
DbFcEF27decA754,Darryl,Meyer,Male,robynwoodard@example.org,4645010971,1995-05-10,Orthoptist
49F56fAC4632C31,Beth,Harrington,Male,simmonsbrenda@example.net,13717580962,1977-01-16,Field seismologist
69d6EEBb6B1D58b,Diamond,Spence,Male,hrogers@example.org,4612122090,1962-04-08,Dance movement psychotherapist
BC1Df0060C2cfDc,Karl,Floyd,Male,franklincarroll@example.org,10174170832,1937-10-03,Metallurgist
4aE4ecaBd55f3C6,Julia,Acosta,Male,saradoyle@example.net,9077360570,1915-04-29,Nutritional therapist
A33b2e2A7509599,Brandy,Carpenter,Male,jcraig@example.com,7702257292,1990-09-16,Clinical biochemist
8CA86e8FcACeE4D,Peter,Long,Male,terrance42@example.com,6585894668,1988-06-12,Artist
B9506A7DdC58b34,Manuel,Castro,Male,michellefranco@example.org,9942948696,1949-05-23,Herbalist
99fa0bC5cC11b1f,Derrick,Cook,Male,javierfrench@example.org,14382462459,2020-08-21,Product/process development scientist
979A626e5F115f2,Teresa,Page,Male,lnash@example.org,16448069491,2015-12-23,Chiropodist
5627680A2Ca214B,Malik,Summers,Male,lynn40@example.org,5848905151,2022-03-28,Health promotion specialist
aDCb1F0eA108aa7,Denise,Hahn,Male,alexagraves@example.com,5808053548,1915-04-05,Architectural technologist
925E52c1F2F239E,Christopher,Nixon,Male,blackwellpaige@example.com,4789004374,1999-09-02,Food technologist
05c44eB3fF9BE99,Kerry,Newman,Male,randall55@example.com,4003389382,1957-09-06,Health physicist
9a8B1B4f4eEAb57,Gordon,Hess,Male,yvonne71@example.org,480198226,1912-09-14,Lobbyist
fF56f2b4BAe239f,Bruce,Pineda,Male,ericksonbob@example.org,15537682080,1997-04-29,Horticultural therapist
A5bBa8B5737bF18,Deanna,Ford,Male,josephkimberly@example.com,17578194529,1928-08-08,Geophysicist/field seismologist
a6BfA20EDDd4317,Meagan,Salazar,Male,mmeadows@example.com,5585877098,1929-07-27,Music therapist
4AfAc0Bf3e2708E,Phillip,Valencia,Male,fliu@example.com,2159310545,2006-12-05,Optometrist
Bcde4A17Aa9D059,Taylor,Benton,Male,alvin05@example.org,3295714597,1914-06-06,Clinical cytogeneticist
05d4a275BAf55B0,Anthony,Wallace,Male,ritarice@example.com,11791321603,2021-11-10,Water quality scientist
3aFf54f59dcFD2E,Yvette,Webster,Male,sonya26@example.com,7958608920,2006-08-14,Clothing/textile technologist
4Ac773784FBDecA,Warren,Harrington,Male,tyler70@example.org,7368442429,1999-10-25,Biomedical scientist
FFfA65f10a35E4A,Ariana,Hickman,Male,morganwendy@example.net,2780933663,1948-06-04,Podiatrist
Acda5EdA0bCA2f9,Leah,Benton,Male,cody23@example.net,6652078772,2001-01-15,Plant breeder/geneticist
c2A8DC6D0Cd1fB4,Robert,Avila,Male,judithpotts@example.com,4171756316,1944-04-14,Forensic psychologist
93329AE35DEeCCc,Alvin,Smith,Male,johnathanshields@example.org,80095682,1970-01-21,Immunologist
8D0FdA9eDDa0dB0,Earl,Jenkins,Male,rcochran@example.com,8939870637,2015-08-25,Microbiologist
a77Eca88d9a36C5,Brittney,Norris,Male,albert29@example.com,7711578817,1926-12-02,Clinical embryologist
A21b0F9a2a762fe,Cameron,Gray,Male,vicki49@example.org,9970427826,1930-04-10,Animal technologist
f515A6dDdbCFD4B,Jessica,Chambers,Male,mark07@example.com,5662535450,1923-02-01,Field seismologist
A4BF8fac1227a2c,Hailey,Pena,Male,castrocalvin@example.net,2314121068,1984-09-18,Clothing/textile technologist
A6DfA24E3924aC6,Scott,Mcmahon,Male,collingillespie@example.com,7878939577,1966-02-05,Clinical psychologist
FF0689BbDb8B95E,Tracey,Hurley,Male,christiewilkins@example.net,718253776,1996-01-02,Health physicist
Fa75A5784A3dE2C,Valerie,Koch,Male,nwallace@example.net,9506374269,1911-03-15,Geochemist
Daa2c6eE2b751cb,Sydney,Leonard,Male,jason39@example.org,12543705353,1977-05-28,Counselling psychologist
8e0D0df4EDD0Bae,Megan,Roberts,Male,nathaniel50@example.net,2965604606,1929-12-21,Artist
Bad48fB46B1bdc9,Valerie,Wright,Male,betty69@example.net,5760966192,1967-02-03,Occupational hygienist
6d6C1d45B3B9507,Claudia,Leon,Male,brittney08@example.org,6796927198,1931-11-19,Occupational hygienist
Af9f7bEBaf20B3E,Jaime,Mays,Male,arielcarroll@example.com,3295088772,1993-09-23,Orthoptist
e5FcF92Af51de3A,Janice,Wood,Male,shauncompton@example.net,6197030159,1948-08-23,Podiatrist
c3df75a238AC754,Jeff,Mejia,Male,nancy68@example.org,9089183298,2004-10-25,Clinical psychologist
09bfCF9a254fDBC,Jeremy,Gonzales,Male,patriciaenglish@example.org,1281376418,1945-05-05,Dramatherapist
Aca5354F4cFDE1f,Jake,Shannon,Male,abautista@example.com,8167612844,1934-04-18,Clinical embryologist
3E836e147370be3,Sabrina,Burch,Male,ewheeler@example.org,8748652786,1980-11-17,Dramatherapist
E3f1FCb09027344,Lisa,Roy,Male,schroedereileen@example.com,18437578991,1913-06-22,Music therapist
EF07DC6caA5D31F,Rita,Walsh,Male,udonaldson@example.org,4732944522,1975-07-13,Health physicist
5f4B1F99D8EfDf1,Douglas,Ellis,Male,zoeknight@example.com,12966608835,1952-09-14,Geochemist
20E292e52B978EA,Mallory,Warner,Male,migueljordan@example.net,10350797971,2004-03-15,Clinical molecular geneticist
b05b2FcafF87ebe,Laurie,Wallace,Male,christopher36@example.org,8775699497,1971-01-25,Architectural technologist
A4E3D5AD1895c5C,Heidi,Brock,Male,kelly77@example.com,4261210097,1954-09-13,Archivist
D2A1597db9DD6cb,Heidi,Berger,Male,graycarrie@example.net,6263040526,1934-11-06,Phytotherapist
eBD1d5A9cc662a3,Jo,Harris,Male,kristatorres@example.net,8446551890,2011-08-21,Clinical biochemist
79fBAFAdA0Cc4c3,Caitlyn,Webb,Male,jhancock@example.com,2917079579,1930-05-26,Fine artist
6F140eDaa8EaBfF,Bianca,Merritt,Male,danawatts@example.com,8898650121,1911-08-06,Architectural technologist
7f1600A9e94BcDB,Craig,Duffy,Male,jeffersonbrittney@example.net,13462099798,1939-12-08,Operations geologist
80e5d8dD8aFAdcb,Heidi,Odonnell,Male,lambdennis@example.org,8665369033,1936-02-06,Water quality scientist
AA8CB54E5bE8f7f,Carla,Ramos,Male,rayblackwell@example.net,9561288914,1979-02-22,Podiatrist
7e9af03228B5Cb9,Gabriel,Bird,Male,jeaton@example.com,54598166,1944-02-24,Health promotion specialist
BF2d1D6E5bacaBC,Franklin,Key,Male,bridget79@example.org,16851369655,1985-05-24,Immunologist
79e8a7A269f890d,Catherine,Bryan,Male,prestonmiranda@example.org,2025184274,1956-10-25,Operations geologist
e80Fa1FFD1Eb46A,Jerome,Dougherty,Male,fernandomason@example.net,6959039909,1909-09-06,Clinical biochemist
F2aEDA5F5fc0685,Regina,Carlson,Male,lauren11@example.org,9141739346,1949-12-11,Brewing technologist
7740F2cBCaEB2fC,Jodi,Pena,Male,cannondean@example.net,2978167270,1986-12-07,Biomedical scientist
Dba3CD8ABD2D807,Heidi,Roman,Male,jasmine45@example.com,5110867178,1944-03-31,Fine artist
caDAddce68a5E34,Makayla,Boyer,Male,claire28@example.org,7908203408,1999-11-18,Forensic scientist
9dD0fA3FA742F6e,Dominic,Moran,Male,gavinyork@example.org,18033404079,1952-02-27,Herpetologist
D8A160cFf6B758C,Paula,Daniels,Male,baileybarron@example.net,9035524996,1915-10-04,Engineering geologist
ca405D00cbffbB0,Steve,Peck,Male,nicole39@example.org,7261235829,1909-02-11,Physiotherapist
e08F4F30bB170cb,Shane,Mcgrath,Male,latoya41@example.org,8258557424,1971-06-30,Audiological scientist
dEcBC02d0DF5A2E,Jean,Harding,Male,dodsonmelody@example.com,113967875,1975-08-23,Phytotherapist
BA364F4E2bF880b,Carlos,Ramos,Male,rita22@example.org,5016193807,1957-05-09,Analytical chemist
8ABEFBfec676eAE,Leroy,Ramsey,Male,aaronhatfield@example.net,929855153,1990-06-28,Architectural technologist
d0a4Fd80e3e6cc7,Tonya,Barrett,Male,cameronsandoval@example.net,6643553612,1929-11-22,Soil scientist
89D52456EC4eECE,Yolanda,Wagner,Male,curtis23@example.org,455589873,1931-08-18,Health physicist
E76E7b0AccbaFfc,Malik,Stanley,Male,cannonluke@example.net,2121123077,1983-04-11,Nutritional therapist
41eDA1F2F3aC6eD,Mikayla,Chaney,Male,hcarpenter@example.com,7256107904,1953-06-30,Metallurgist
c5e7d7f5b6b60D3,Candice,Barber,Male,angela51@example.net,9180445811,1968-11-19,Pharmacologist
9871eF832fab828,Lonnie,Reynolds,Male,richmondgarrett@example.org,6443623647,1961-07-27,Architectural technologist
